<?xml version="1.0" encoding="UTF-8"?>
<project-private xmlns="http://www.netbeans.org/ns/project-private/1">
    <editor-bookmarks xmlns="http://www.netbeans.org/ns/editor-bookmarks/2" lastBookmarkId="0"/>
    <open-files xmlns="http://www.netbeans.org/ns/projectui-open-files/2">
        <group>
            <file>file:/D:/Escritorio/Multimedia/projecte/multimedia/Proj%20Practiques/ProjectePractiques/src/projectepractiques/ProjectePractiques.java</file>
            <file>file:/D:/Escritorio/Multimedia/projecte/multimedia/Proj%20Practiques/ProjectePractiques/src/projectepractiques/VideoPlayer.java</file>
            <file>file:/D:/Escritorio/Multimedia/projecte/multimedia/Proj%20Practiques/ProjectePractiques/src/projectepractiques/Args.java</file>
        </group>
    </open-files>
</project-private>
